milliseconds;ax1;ay1;az1;gx1;gy1;gz1;ax2;ay2;az2;gx2;gy2;gz2;ax3;ay3;az3;gx3;gy3;gz3;ax4;ay4;az4;gx4;gy4;gz4
80744;-4010;71;1867;-140;315;-26;-3898;29;-662;98;-602;-35;3738;-487;2302;-229;111;84;4356;-112;1204;-235;24;101
80756;-3986;100;1863;-172;428;-52;-3950;-104;-424;34;-641;-63;3763;-484;2318;-196;139;105;4366;-45;1173;-282;96;106
80768;-3970;16;1917;-268;546;-83;-4019;-148;-366;69;-705;-58;3799;-523;2278;-182;176;118;4360;-86;1214;-325;121;107
80780;-4038;139;2150;-484;358;-50;-4152;-138;-218;114;-924;-89;3800;-495;2281;-175;239;104;4353;-146;1334;-341;155;89
80792;-4099;131;2148;-703;116;24;-4295;-105;-64;188;-1269;-86;3816;-532;2288;-166;301;70;4370;-194;1348;-372;195;68
80804;-3953;19;2194;-987;-15;55;-4390;-246;56;112;-1551;0;3785;-579;2298;-157;356;54;4336;-280;1397;-392;213;48
80816;-4113;240;2302;-1123;120;89;-4353;-303;382;207;-1771;46;3805;-574;2226;-153;397;42;4299;-385;1437;-407;184;43
80828;-3836;44;2135;-1260;222;176;-4270;-232;715;631;-2024;70;3774;-594;2217;-127;411;25;4180;-472;1441;-410;218;44
80840;-3828;54;2238;-1127;737;278;-3913;-216;1118;1693;-2077;439;3754;-633;2199;-105;410;-23;4118;-562;1427;-381;224;27
80852;-3801;-84;1907;-1077;930;350;-3712;-685;695;1187;-2101;471;3660;-671;2145;-54;436;-64;3967;-687;1388;-329;185;-10
80864;-3724;-294;1560;-985;1272;387;-3496;-737;87;296;-2169;431;3558;-710;2190;-21;468;-77;3807;-820;1364;-249;138;-79
80876;-4017;130;1559;-936;1446;395;-3488;-331;-543;515;-1947;470;3477;-719;2129;24;509;-83;3683;-907;1264;-163;63;-191
80888;-4132;-65;1466;-798;1524;475;-3858;-99;-1160;507;-1882;461;3397;-835;2143;83;475;-108;3650;-907;1225;-76;-54;-316
80900;-4222;96;1359;-825;1472;488;-3402;117;-1876;40;-1711;472;3427;-934;2233;159;558;-120;3681;-870;1175;2;-237;-425
80912;-4138;76;1141;-844;1387;486;-3419;407;-2457;-128;-1645;543;3383;-932;2274;222;648;-73;3970;-824;1042;92;-392;-531
80924;-4187;-112;1007;-863;1148;507;-3270;596;-3005;-410;-1537;503;3324;-975;2465;330;764;-32;4213;-850;952;201;-440;-561
80936;-4037;-146;769;-944;886;522;-3226;698;-3347;-664;-1289;540;3237;-943;2583;423;792;19;4546;-814;883;344;-376;-517
80948;-4027;-252;483;-943;527;501;-3152;528;-3548;-1159;-1059;593;3262;-942;2703;493;787;70;4797;-683;852;480;-211;-424
80960;-4031;-331;462;-1013;171;507;-3254;325;-3414;-1783;-774;573;3207;-935;2773;551;795;125;4843;-502;924;571;-48;-311
80972;-4023;-201;631;-1033;-164;556;-3413;183;-3076;-2344;-439;592;3234;-852;2845;620;780;167;4686;-365;1174;562;83;-162
80984;-4074;-86;699;-1309;-442;602;-3589;-52;-2504;-2986;-147;538;3175;-799;2858;740;672;160;4679;-381;1250;548;173;-13
80996;-4108;-189;736;-1539;-671;612;-3805;-315;-1815;-3325;90;491;3196;-731;2824;879;557;130;4603;-497;1554;473;248;107
81008;-4210;-322;854;-1585;-807;692;-3873;-943;-1186;-3222;291;451;3045;-633;2662;1026;320;132;4509;-454;1788;503;415;229
81020;-4231;1153;2152;252;65;752;-4879;2818;631;1963;-486;828;4287;1222;2975;298;1001;-76;5199;1849;79;-520;-2496;-610
81120;-4153;1141;2069;402;137;395;-4292;2592;353;1760;-268;611;4161;1148;2897;0;1073;-49;6295;1297;656;-707;-2723;-1146
81132;-4102;1014;1944;410;142;137;-3944;2181;737;1680;-122;362;3984;1119;2821;-240;1035;8;6516;543;528;-667;-2249;-1535
81144;-4108;819;1896;365;174;-48;-3914;917;269;2018;-371;160;3862;975;2805;-369;976;82;5976;185;447;-429;-1767;-1624
81156;-4222;631;1868;252;235;-141;-4246;243;-77;2466;338;708;3791;722;2819;-364;931;220;5360;-219;346;-323;-1252;-1822
81168;-4317;386;1534;243;153;-190;-5021;871;-1238;3159;806;1677;3708;654;2799;-352;812;332;4494;314;259;1;-1920;-1605
81180;-4534;227;1411;349;115;-115;-4446;47;-906;3667;1222;2584;3535;725;2811;-335;649;385;3985;669;269;-123;-1049;-1465
81192;-4408;244;1384;552;32;56;-3181;699;-1454;2546;1220;2086;3339;670;2683;-413;631;410;4091;1165;320;-147;-1726;-1311
81204;-4388;57;1120;719;-203;223;-3086;319;-726;2198;1093;1387;3246;627;2490;-480;490;399;4181;1283;-273;-219;-827;-1180
81216;-4396;464;1321;668;-223;414;-4451;473;-1442;2212;589;1340;2977;590;2326;-541;232;399;3968;1398;7;-387;-694;-1139
81228;-4476;515;1226;609;-248;819;-4203;538;-1082;2332;-13;1074;2976;534;2327;-593;295;426;3895;1227;132;-428;-703;-1104
81240;-4606;421;1208;740;-19;1264;-4514;905;-1755;2828;151;1528;2930;483;2432;-675;329;458;4050;740;149;-475;-1000;-1116
81252;-4106;360;1401;822;313;1561;-4196;672;-581;2874;779;1857;3030;367;2508;-739;350;467;4399;693;169;-480;-1059;-1046
81264;-3966;676;1532;1091;43;1488;-3855;1080;-638;2958;659;1574;3063;266;2595;-795;358;473;4601;591;175;-410;-1030;-954
81276;-3536;188;1801;1234;-158;1332;-3537;437;590;2843;146;1595;3036;177;2611;-767;329;474;4466;579;-237;-379;-395;-795
81288;-3969;826;1864;1249;-254;1055;-3155;962;-25;2245;534;1533;2973;127;2690;-741;263;481;4481;659;-253;-517;344;-786
81300;-3731;733;2033;655;-128;783;-2995;1101;-183;2133;813;1645;3054;62;2688;-700;284;486;4145;774;-183;-472;382;-812
81312;-4317;1072;1532;353;-79;468;-2721;497;-76;1611;697;1330;2977;-22;2736;-641;224;435;3882;822;187;-549;615;-648
81324;-3280;-108;1584;389;-92;311;-3001;742;-150;1031;310;897;2961;-69;2728;-558;212;369;3815;746;372;-602;757;-473
81336;-3467;410;1665;341;-154;181;-2912;491;-259;862;-8;539;2922;-74;2754;-481;180;315;3675;660;398;-671;624;-212
81348;-3760;470;1562;266;-255;51;-3048;355;-435;525;-7;346;2880;-30;2712;-422;135;268;3640;457;59;-707;598;20
81360;-3712;595;1525;130;-194;-9;-3061;358;-501;324;10;198;2827;-41;2669;-372;77;221;3584;383;-117;-801;523;237
81372;-3793;411;1472;-33;-207;-61;-3011;317;-861;63;1;40;2795;26;2591;-330;52;181;3837;422;-327;-828;417;418
81384;-3866;310;1338;-195;-365;-231;-2973;228;-1054;-473;149;-154;2752;41;2626;-300;20;124;3984;522;-226;-833;641;608
81396;-3860;346;1342;-365;-427;-346;-3116;125;-1150;-955;92;-413;2699;60;2603;-228;-25;88;3863;658;-128;-860;1025;764
81408;-3867;337;1300;-436;-549;-417;-3180;253;-1074;-1366;-27;-638;2685;79;2532;-200;-90;73;3620;708;10;-901;1171;911
81420;-3888;608;1366;-496;-645;-513;-3318;744;-1049;-1788;-79;-805;2729;136;2524;-194;-131;49;3558;703;48;-961;1284;1071
81432;-3862;688;1511;-565;-761;-543;-3603;883;-724;-2192;-13;-940;2751;129;2519;-165;-140;25;3620;754;180;-996;1115;1178
81444;-3890;702;1700;-509;-744;-503;-3665;963;-482;-2298;-19;-1026;2893;201;2618;-102;-102;11;3736;689;278;-1046;1248;1232
81456;-3939;756;1905;-456;-648;-380;-4122;1100;-117;-2179;203;-1016;3126;258;2683;-97;8;36;3696;549;533;-947;905;1278
81472;-3997;522;1976;-449;-281;-210;-4343;1022;136;-2185;271;-993;3243;300;2700;-118;21;46;4070;646;610;-896;561;1308
81484;-4102;479;1965;-375;-87;-117;-4635;985;388;-2047;411;-751;3282;418;2706;-189;-17;50;4241;838;380;-834;545;1310
81496;-4037;589;1995;-324;328;2;-4523;987;420;-1843;491;-548;3364;550;2696;-261;-24;51;4533;908;524;-828;613;1231
81508;-4024;763;2143;-331;529;40;-4383;1005;550;-1619;672;-388;3379;589;2764;-346;-66;41;4715;1033;499;-817;696;1169
81520;-3971;842;2113;-328;729;-10;-4313;1093;461;-1340;602;-311;3373;753;2769;-453;-136;9;4841;863;482;-737;928;1051
81532;-3929;571;2058;-110;896;-37;-4177;833;621;-999;335;-386;3455;838;2743;-598;-212;-62;4644;638;439;-617;998;1011
81544;-3927;674;2003;87;1082;-128;-4279;551;806;-702;192;-400;3543;905;2771;-775;-274;-144;4457;480;317;-515;873;985
81556;-3969;647;1947;317;1254;-206;-4350;396;954;-194;-214;-417;3458;904;2659;-957;-352;-216;4038;348;206;-497;833;861
81568;-3980;550;2041;507;1443;-273;-4520;235;1114;269;-602;-389;3323;919;2537;-1115;-411;-277;3850;364;310;-594;861;715
81580;-3983;327;2042;808;1665;-343;-4607;105;1517;412;-1078;-443;3100;991;2554;-1236;-501;-341;3593;1632;1051;-818;104;415
81616;-4237;-91;2400;1620;3022;-493;-5178;256;4556;-240;-3527;-1051;3462;911;2887;-1936;-423;-595;3614;1487;2203;-943;-316;539
81628;-5060;-476;2768;1899;3704;-692;-5605;730;6283;-971;-4604;-1239;4131;627;3014;-2177;-231;-685;4189;449;2936;-903;-501;508
81640;-6986;-994;3576;2452;4537;-1050;-6701;632;8232;-1138;-5817;-1556;4540;57;2999;-2269;-329;-660;5215;-836;3469;-336;-787;256
81652;-9174;-383;4299;3438;5315;-1323;-7388;-868;8553;-1896;-7273;-2040;5417;-605;3473;-2213;559;-511;7144;-2812;4003;93;-492;-243
81664;-13263;1119;7212;3509;4381;-1219;-9204;-396;5041;6;-5844;-1862;4196;-1499;2955;-1574;54;-147;8690;-4634;3743;648;109;-1357
81676;-11699;-403;8312;753;1481;-117;-10184;-3015;2343;1713;-6148;-2097;2210;-1779;2009;-914;-122;230;8457;-3578;2331;1180;1670;-2695
81688;-7019;1097;3270;1165;3773;263;-10977;-1020;-1343;5814;-6613;-2217;1402;-1165;1751;-629;-467;586;5297;-1188;1483;1521;4271;-2119
81700;-7912;2457;521;-922;5882;-263;-9122;-408;-2349;7459;-6821;-1405;2061;-852;1952;-773;-595;685;874;1521;317;1885;3563;-1061
81712;-8688;3031;-870;-2921;6410;-996;-8534;3183;-3101;5722;-6215;-271;3242;-1190;2465;-907;-242;701;-2566;2845;267;1442;2688;893
81724;-8272;2194;-2148;-2994;6292;-1117;-7438;4098;-1979;1650;-6170;-34;4230;-1692;2767;-645;138;782;-2505;2987;254;595;1181;1931
81736;-8124;2899;-5738;-701;5596;-854;-7023;3718;-875;-2728;-6078;387;4630;-1721;3008;-185;115;901;-1120;1819;198;-404;-112;2162
81748;-8058;3817;-2870;-419;4786;-251;-6659;1173;-536;-4927;-6044;208;4287;-1423;3063;256;530;918;929;756;1443;-144;-3058;1516
81760;-7319;3681;-638;-1178;4139;-206;-8904;-635;-433;-3846;-6194;-198;3693;-1127;3176;443;721;745;6891;-608;1882;244;-8038;-384
81772;-6022;2433;-1768;-2147;3900;-98;-8918;1221;61;-2887;-6289;-447;3446;-758;3239;392;778;455;14173;-2066;1724;43;-5279;-772
81784;-4780;1818;-2121;-2330;3662;223;-7883;-432;39;-891;-6186;-610;3713;-716;3088;245;755;42;10568;-1028;-897;-319;705;2278
81796;-4212;1340;-1272;-2476;3926;335;-7282;-1690;-429;590;-6108;-480;3789;-1024;3210;90;310;-363;2773;289;390;-230;358;201
81826;-2270;302;-200;-2697;3067;-172;-2828;893;-1714;641;-5620;39;3192;-1125;3019;-8;-104;-493;2588;514;981;-192;-990;303
81838;-1093;-91;-88;-2238;2474;-75;-3888;-2;-1278;306;-5730;444;3246;-876;2753;-85;-136;-405;4344;106;513;-337;-2297;642
81850;-941;-137;-172;-2171;1958;-154;-3777;-35;-1218;25;-6004;-12;3201;-703;2466;-210;-211;-472;5155;266;630;-584;-1270;779
81862;28;-244;36;-2194;1415;-244;-3068;-422;-1608;-150;-5914;-446;3103;-493;2326;-330;-240;-586;5112;-251;530;-949;-331;1195
81874;643;-619;333;-2373;497;-886;-2127;-399;-2058;-474;-5266;-330;2964;-419;2288;-462;-220;-668;5339;-1033;-635;-1097;307;1110
81886;1281;-913;492;-2031;741;-1159;-517;-1030;-1799;-163;-5619;-621;2886;-393;2278;-591;-150;-746;3755;-977;122;-961;189;796
81898;2350;-2050;553;-1987;78;-1557;-362;-339;-2018;-613;-4742;-559;2771;-392;2372;-678;-165;-751;3788;-790;624;-700;244;519
81910;2207;-1621;790;-1947;-377;-947;779;14;-2352;-802;-4197;-469;2790;-496;2433;-687;-227;-718;3757;-661;573;-509;-100;342
81922;3977;-1387;413;-1427;-794;-511;800;-243;-2289;-973;-3322;-433;2850;-545;2551;-702;-291;-652;3787;-535;553;-463;-24;254
81934;2756;-1461;465;-1236;-827;-195;1571;-615;-2532;-945;-2511;-345;2872;-552;2533;-686;-427;-571;3692;-426;555;-505;174;383
81946;4252;-1264;592;-1061;-696;-529;1756;-346;-2685;-733;-1679;-102;2914;-645;2529;-645;-494;-523;3664;-376;562;-496;248;389
81958;4512;-1580;590;-833;-714;-615;2090;-425;-2654;-486;-820;95;2928;-576;2482;-632;-519;-440;3864;-558;555;-436;485;215
81970;4574;-1241;624;-545;-550;-710;2090;-540;-2752;-172;16;255;2962;-622;2500;-614;-473;-338;4260;-540;415;-315;473;-22
81982;4319;-757;590;-148;-308;-827;1951;-498;-2756;63;978;406;3080;-733;2469;-531;-434;-185;4507;-413;317;-295;685;-213
81994;4156;-411;609;170;-205;-858;1794;-455;-2738;209;1952;436;3175;-738;2456;-423;-412;-46;4429;-547;374;-325;1011;-347
82006;3914;-151;618;529;-199;-805;1306;-483;-2695;279;2771;411;3181;-732;2381;-296;-314;86;4301;-636;463;-269;1302;-468
82018;3513;133;597;973;-275;-713;739;-485;-2674;330;3414;373;3165;-849;2304;-194;-282;171;4060;-665;544;-164;1583;-506
82030;3248;272;502;1317;-360;-627;261;-402;-2483;392;4087;422;3119;-862;2340;-119;-273;229;3945;-693;636;-15;1564;-560
82042;2886;525;555;1397;-440;-494;-437;-27;-2593;446;4747;574;3083;-856;2382;-69;-293;283;3794;-699;870;50;1479;-675
82054;2555;923;172;1204;-530;-401;-897;121;-2632;622;5542;902;3145;-920;2339;-8;-280;346;3627;-595;919;72;1295;-778
82066;2008;1568;-146;953;-908;-297;-1401;69;-2691;686;6199;1133;3226;-985;2318;74;-250;400;3653;-528;1041;81;1133;-895
82078;1159;1468;177;313;-1607;-146;-1849;266;-2956;759;6893;1301;3269;-1045;2421;185;-253;455;3748;-471;1007;87;970;-932
82090;380;1015;402;-130;-2298;-96;-2580;474;-2991;423;7260;1199;3254;-1198;2453;292;-246;484;3866;-526;899;127;582;-911
82102;-592;751;314;-91;-3121;-255;-3203;500;-3509;-49;7100;1057;3262;-1229;2438;396;-223;523;4438;-611;816;228;396;-880
82114;-1363;1513;130;-344;-4207;-699;-4790;1442;-3936;-1222;7585;866;3284;-1311;2452;507;-224;541;4754;-754;846;332;522;-709
82126;-2650;1232;167;-788;-5190;-1143;-10385;-40;1487;-2945;5740;450;3301;-1362;2471;627;-271;543;4780;-826;737;379;595;-324
82138;-3699;706;105;-663;-6303;-1462;-9453;1480;-5631;-2773;9016;1194;3362;-1396;2522;727;-292;567;4566;-842;558;459;663;-138
82150;-5530;1131;-55;33;-7205;-1542;-9519;2079;-5319;-3396;8704;747;3349;-1399;2518;833;-312;585;4045;-911;674;479;580;65
82162;-8190;1750;-361;687;-8037;-1655;-10013;2253;-5442;-4917;9178;857;2214;1460;1891;1613;-114;-234;-1165;-1824;-1307;-1266;2458;1801
82302;-4314;3702;3432;1497;-799;1477;-7708;6042;1162;8735;-1335;-498;3312;1834;2362;1258;276;-26;-1638;-3430;-2617;-428;752;-70
82314;-5487;61;1425;898;-571;727;-6550;12429;-1984;8268;-873;799;4463;1701;2544;579;330;16;-2821;-2487;-959;-213;499;-1716
82326;-5334;1751;1949;1026;-606;458;-5520;11320;-2967;1757;1061;612;4957;1352;2735;-134;367;-135;-1123;-1663;889;349;-507;-3221
82338;-4422;2850;2484;-224;-583;-53;-4497;6108;-3326;-2808;1073;708;5045;1064;2619;-900;889;-206;1998;-1694;1189;350;-3571;-3504
82350;-4115;1821;2206;-1295;-711;-454;-3186;1741;-1551;-5103;334;777;4066;912;2268;-1173;1016;-257;8547;916;1432;1001;-8494;-2959
82362;-4139;-739;1971;-1138;-821;-729;-4709;-1716;586;-5103;1147;1122;3569;771;2275;-1264;1121;-67;14709;3873;2055;19;-7749;-3280
82374;-4332;-786;2113;19;-474;-532;-6131;-4311;1175;-2028;2364;2208;4129;714;2966;-1036;1218;267;11138;4218;-2606;864;-1286;-1537
82386;-4190;-355;2274;541;38;-230;-7390;-3647;53;921;2294;4100;3928;546;3157;-761;1006;386;6745;1700;-251;2056;1531;-1063
82398;-3988;-510;2339;936;381;-11;-4254;-4331;1282;3532;740;2860;3842;244;2950;-493;429;378;3063;2248;1610;712;2093;-1054
82410;-3941;-348;2764;1483;722;95;-6614;663;1454;5317;-790;2939;3928;155;2615;-199;21;414;2779;1746;701;-145;9;-734
82422;-4149;395;2873;1521;1020;440;-4520;1413;852;4765;-830;2961;3900;208;2464;-14;-141;449;3342;2087;995;-640;-2129;-623
82434;-3865;922;2708;1342;1536;687;-4383;1717;-544;3475;-519;2571;3760;169;2163;132;-110;520;3595;976;718;-652;-2860;-613
82446;-4079;895;2360;922;1890;1003;-3731;1306;40;3188;-639;2579;3618;67;2188;264;55;667;4288;596;402;-1290;-2431;-858
82458;-4126;559;2103;1076;2097;1295;-3425;1495;-1530;2334;101;2773;3391;-12;2326;368;146;811;5359;-229;-637;-931;-761;-1154
82470;-4275;352;2220;1265;2319;1739;-2080;-99;-920;3152;-676;2534;3190;-52;2304;422;285;944;4242;-483;249;-365;-942;-1011
82482;-4120;1136;1587;1299;1248;1825;-2182;679;-1274;2748;-675;2329;3026;-73;2395;436;281;948;4295;-219;-327;202;-1740;-642
82494;-3524;185;1701;441;1813;1580;-2281;901;-1030;758;-260;1568;2825;-102;2479;399;178;808;4256;49;-672;64;-294;-821
82506;-3943;131;1546;32;463;1307;-2378;116;-1155;131;-435;850;2686;-8;2523;317;78;637;3486;852;-541;-123;623;-798
82518;-4007;129;1253;-578;546;722;-2385;110;-1916;-1056;-373;-581;2984;-4;2287;-102;-135;-35;4058;105;-138;-172;1602;761
82575;-4004;752;1632;-925;-1242;-630;-2647;126;-1772;-1585;-329;-818;3126;77;2360;-94;-34;-124;3976;369;-420;-228;1433;936
82587;-4114;437;1553;-1000;-1517;-783;-3216;265;-1428;-2116;32;-988;3183;167;2392;-98;-15;-194;4084;495;-249;-248;1504;925
82599;-4137;298;1584;-974;-1577;-804;-3521;427;-808;-2363;18;-1172;3100;225;2407;-42;-58;-173;3858;814;-174;-440;1577;861
82611;-4077;389;1840;-934;-1457;-642;-3805;484;-147;-2634;148;-1357;2953;173;2337;107;-125;-27;3868;1145;329;-544;1469;935
82623;-3939;403;2205;-978;-1302;-531;-4335;503;726;-2819;415;-1432;2989;304;2299;209;-196;142;3389;1368;576;-668;1424;1113
82635;-3763;494;2464;-979;-903;-336;-4575;841;1115;-2588;434;-1413;3150;532;2298;204;-201;226;3913;1246;493;-805;1942;1269
82647;-4047;593;2683;-953;-465;-181;-4730;1335;1048;-2290;447;-1352;3331;636;2272;65;-172;203;3916;1119;788;-747;1961;1223
82659;-3934;603;2581;-659;-215;-186;-4864;905;1333;-1839;609;-965;3640;709;2345;-110;-82;140;3706;742;1014;-650;1112;1190
82671;-4074;513;2517;-182;320;-70;-4911;749;1139;-1203;657;-485;3781;769;2356;-292;-43;87;3743;436;932;-657;612;1217
82683;-3876;600;2515;178;587;-50;-4751;522;1109;-486;603;-284;3930;721;2482;-516;54;49;3817;350;603;-721;158;1193
82695;-3828;719;2533;267;861;-113;-4542;561;965;97;404;-111;3900;710;2550;-706;98;37;4331;284;363;-639;89;1124
82707;-3934;514;2323;319;890;-160;-4209;328;896;673;334;-81;3741;831;2496;-887;74;-5;4739;396;77;-478;269;932
82719;-3995;247;2137;554;1143;-218;-4495;220;947;1078;-19;-8;3587;879;2393;-1055;-11;-70;4790;567;89;-399;521;746
82731;-4013;-31;2350;873;1409;-183;-4560;203;1188;1216;-381;9;3538;841;2323;-1199;-42;-135;4754;724;195;-397;381;627
82743;-3836;314;2332;940;1772;-175;-4806;726;1526;1421;-890;82;3539;676;2242;-1226;-66;-181;4297;818;224;-368;338;535
82755;-3735;518;2473;782;2233;-259;-4997;1315;2151;1389;-1394;111;3462;629;2196;-1218;-64;-205;3752;903;593;-334;223;539
82767;-3762;333;2868;722;2708;-376;-4986;1554;2732;745;-1939;-20;3069;761;2267;-1241;-68;-219;3508;1151;800;-265;-5;542
82779;-3727;147;2657;1212;3326;-502;-5384;1378;3626;474;-2705;-281;2807;842;2441;-1368;2;-259;3491;1656;1688;-280;-339;580
82791;-4287;-181;2881;1888;4078;-654;-5759;1368;5268;424;-4491;-740;3338;959;2727;-1636;428;-341;3537;1943;2786;-539;-453;637
82803;-4690;74;3716;2386;4991;-844;-6046;1786;7752;772;-6193;-1241;4318;720;2805;-1898;763;-431;4158;1336;3999;-729;-722;496
82815;-6958;-856;4664;2805;5591;-1010;-6647;1940;8390;509;-6469;-1904;4350;-117;2328;-1983;545;-462;5149;-542;4015;-508;-929;78
82827;-10968;-1605;5810;2291;4848;-1303;-7718;866;6717;-1629;-7247;-2470;4043;-669;2222;-1746;573;-332;7048;-3250;3546;310;-556;-540
82839;-14825;-1023;7783;2210;3127;-1209;-10138;-1429;4391;-527;-7841;-2599;4044;-765;2914;-1447;1237;6;7585;-4827;3290;1019;568;-1579
82851;-11035;-430;5859;929;3411;-553;-11138;-1383;-2336;2135;-6299;-1838;3710;-872;2599;-1263;977;362;6985;-3887;1691;546;3289;-2381
82863;-6781;2399;2668;484;5237;29;-11495;-1707;-2725;3670;-6060;-1206;2713;-1105;2533;-1242;545;524;3439;-1882;840;418;2709;-2257
82875;-7597;2817;-286;-1544;6284;-279;-10653;-935;-2218;3860;-5575;-271;2512;-1216;2642;-1244;383;701;-758;53;-629;1653;1009;-796
82887;-4735;1077;476;-1472;1708;978;-7362;-551;-432;443;-7483;1129;3063;-966;2761;-128;317;-239;3364;-1854;-467;-699;-238;469
82995;-4161;237;141;-1786;961;978;-5528;-262;-757;-200;-7720;1234;2883;-919;2531;-224;64;-268;2937;-365;-338;-414;-617;-229
83007;-2582;613;-320;-2168;-261;528;-4419;98;-889;-505;-8120;1398;2974;-823;2440;-364;-51;-260;3366;34;467;-322;-1456;-128
83019;-1301;286;-442;-2362;-768;315;-2849;-602;-1430;-1021;-7967;1176;3034;-779;2300;-531;-78;-267;4378;-6;747;-534;-1268;349
83031;-78;-58;-365;-2554;-1411;93;-2547;-1006;-2116;-803;-7380;857;3102;-694;2259;-692;20;-296;4763;-289;687;-590;-401;771
83043;396;-334;-377;-2860;-1866;-507;-1829;595;-2832;-1156;-7377;613;3069;-665;2225;-842;-3;-353;4506;-753;417;-757;285;1091
83055;1003;-853;-852;-3236;-2302;-831;-922;617;-2257;-1427;-7236;307;3242;-621;2300;-907;334;-399;3886;-1098;506;-563;178;1249
83067;2740;-851;-784;-2832;-2608;-346;776;381;-2461;-1673;-6394;-76;3313;-604;2494;-971;304;-491;3891;-1211;567;-283;-467;1370
83079;3240;-774;-1202;-2910;-2757;-349;1614;540;-2202;-2111;-5384;79;3325;-656;2624;-1057;277;-541;4598;-843;491;32;-794;866
83091;3398;-509;-1495;-2781;-2346;-467;746;1158;-2229;-2278;-4354;121;3271;-796;2698;-1116;264;-572;4836;-578;389;-45;-567;674
83103;3787;-1023;-1444;-2683;-1892;-488;2089;-51;-2423;-1726;-3213;196;3204;-947;2649;-1060;206;-537;4628;-115;105;-195;-206;472
83115;5859;-274;-954;-2252;-1480;-965;2673;-320;-2473;-1116;-2265;416;3072;-1058;2609;-936;120;-422;4267;-59;0;-225;98;212
83127;4357;-806;-1332;-1956;-818;-542;2695;-493;-2467;-403;-1451;556;2918;-1085;2555;-862;-24;-265;3604;-114;75;-213;380;-124
83139;4245;-744;-1347;-1426;-234;-648;2746;-466;-2481;31;-645;743;2854;-950;2506;-822;-202;-145;3147;-179;303;-359;128;-362
83151;4075;-560;-1333;-605;492;-670;2827;-327;-2455;214;299;780;2879;-905;2499;-823;-318;-63;3867;-255;462;-393;632;-503
83163;4015;-440;-1122;105;1072;-647;2743;-194;-2403;258;1372;652;2909;-1027;2478;-745;-389;30;4234;-108;230;-374;74;-619
83175;4009;-405;-993;713;1645;-615;2522;-355;-2479;248;2435;436;2943;-1021;2497;-626;-406;146;4428;-61;-34;-350;498;-559
83187;3742;75;-1014;1066;2024;-506;2111;-593;-2466;360;3332;165;2988;-981;2444;-541;-385;237;4210;-163;191;-392;857;-502
83199;3565;601;-1202;1307;2149;-347;1539;-745;-2580;560;4084;-3;2923;-1005;2358;-449;-372;301;4228;-307;284;-479;937;-427
83211;3121;666;-1274;1606;2283;-266;850;-736;-2371;642;4908;-64;2891;-1078;2237;-354;-371;312;4344;-487;196;-432;1128;-345
83223;2701;447;-858;1924;2311;-191;2;-431;-2448;686;5647;-22;2944;-1215;2284;-239;-313;287;4359;-721;344;-222;1371;-304
83235;2076;159;-485;2294;2228;-116;-754;-362;-2392;794;6369;108;3007;-1204;2294;-134;-259;279;4326;-783;422;-93;1733;-382
83247;1534;295;-427;2602;2065;-75;-1385;-169;-2434;784;6868;299;3147;-1361;2310;14;-189;284;4215;-826;629;-12;1942;-480
83259;1200;363;-712;2906;1894;83;-1917;-162;-2653;603;7883;509;3172;-1470;2339;175;-179;324;3987;-851;759;-56;1916;-490
83271;100;676;-1174;3001;1421;104;-2613;-254;-2509;515;8049;590;3192;-1560;2329;330;-180;353;3899;-807;751;-43;1556;-517
83283;-769;1020;-1335;2980;693;39;-3342;-152;-2815;421;8236;477;3251;-1582;2338;491;-261;400;4100;-726;801;60;1172;-632
83295;-1626;735;-1186;2876;-339;-71;-7435;26;-1762;-938;6891;-130;3603;-1694;2407;915;-345;485;4761;-253;476;347;1110;-630
83324;-4521;1894;-514;293;-2336;-493;-8911;595;-3524;-2076;8029;441;3550;-1722;2313;1070;-416;482;4540;-531;695;287;1170;-285
83336;-5359;1556;-257;-1448;-3076;-494;-9240;302;-3306;-2585;7764;746;3597;-1658;2335;1121;-385;493;4405;-255;127;193;1353;7
83348;-5895;595;260;-2337;-4018;-555;-8837;340;-3455;-2843;8338;984;3568;-1634;2425;1174;-381;473;4051;-753;839;523;1111;14
83360;-6367;-70;550;-2276;-5154;-737;-9222;514;-3807;-2817;9033;935;3488;-1535;2351;1196;-442;470;3544;-741;805;530;784;89
83372;-7932;-117;595;-1280;-6324;-905;-9013;-264;-4526;-3035;9836;982;3451;-1454;2427;1162;-457;463;3387;-534;777;383;92;132
83384;-9852;-193;666;33;-7418;-1049;-9042;-1241;-4859;-2414;11091;981;3126;-1437;2444;1135;-482;422;3435;-355;761;100;-392;57
83396;-13543;8726;-11924;2938;-7343;90;-12772;-3479;73;-1978;9708;148;2839;-1392;2536;1225;-582;405;3576;-367;1452;-113;-746;-122
83408;-22892;11888;-7770;-2015;-7826;971;-17134;-4120;8133;-4533;6034;-777;3345;-1159;2955;1377;-347;409;3649;-464;2656;-236;-879;-91
83420;-12789;-7996;15146;-3433;-9420;-1540;-13578;4556;-206;1547;6891;1600;4597;-949;3124;1467;-69;424;4369;304;4020;-470;-1223;164
83432;-8373;-5744;11916;1887;-7614;-551;-14387;3193;-3111;2388;6113;2947;5164;-683;2585;1405;137;296;5895;2154;4392;-1239;-1825;691
83444;-10940;-755;10595;1187;-6661;-78;-13880;-1747;8309;771;1399;2931;4206;-379;2460;1254;348;31;7875;2959;3691;-1688;-1701;1063
83456;-9331;-7238;-555;-1447;-5040;-148;-5173;-7165;17475;4293;2469;1319;3394;-140;2075;1036;97;-61;7388;2314;2822;-1807;1411;1377
83468;-6782;-5945;2663;292;-4036;750;-3897;-5375;11366;5738;5683;-300;2752;103;1744;902;-167;-174;4288;1882;1514;-1919;-36;1600
83480;-1196;-2412;3604;1051;-2591;1676;-3723;-7788;7596;5127;5413;360;2625;282;1830;887;-449;-240;3092;349;1317;-1634;2780;1627
83492;179;1416;3540;2469;-2352;1324;-2698;-3754;2860;1468;262;-264;3117;640;2011;903;-196;-267;411;-96;-177;-2078;2228;1236
83504;-3298;2943;3573;733;-1956;1134;-2335;2597;689;-689;-981;-2541;3811;1100;2276;742;122;-372;-446;-24;-1642;-1966;1363;609
83516;-5165;1851;3536;707;-1053;840;-6165;6837;504;3674;509;-1196;4182;1141;2437;442;286;-534;-33;-2137;-494;-1706;508;-1200
83528;-4225;1975;3160;1290;-434;624;-7368;11173;-36;3105;1370;225;3119;116;2234;94;-91;-78;5168;868;145;-161;-2230;-1542
83660;-4211;343;2081;45;1251;366;-3619;115;-749;1443;73;1698;3072;7;2215;254;-75;-31;5278;103;-18;-212;-972;-1209
83672;-4161;218;1889;360;1225;479;-2386;461;-1588;1487;189;1715;3138;16;2300;372;48;35;4471;-235;372;-283;179;-1003
83684;-4081;257;1743;597;1059;607;-2739;127;-1416;1241;574;1558;3090;49;2259;450;154;59;3667;-499;646;-174;379;-608
83696;-3814;328;1567;669;1237;695;-2981;156;-1468;1145;872;1522;2978;63;2283;474;158;69;3242;-440;208;287;621;-493
83708;-3984;108;1640;411;829;628;-2612;-144;-1073;524;820;1040;2911;147;2333;503;134;62;2917;-184;77;357;1368;-742
83720;-3762;-218;1634;302;655;574;-2996;-230;-699;30;901;728;2785;169;2435;505;14;49;2434;560;-92;280;142;-702
83732;-3766;-116;1734;130;536;430;-3294;-246;-620;-222;559;386;2847;120;2490;566;-30;47;3276;802;165;154;-976;-503
83744;-3747;-119;1749;-101;374;218;-3273;-359;-363;-436;204;45;2950;216;2505;567;-61;47;4140;902;711;33;-948;-296
83756;-3650;61;1928;-453;327;87;-3150;-39;-337;-694;24;-191;3015;341;2449;531;-58;54;4405;621;620;-157;-3;124
83768;-3597;273;2016;-812;410;-30;-3173;21;-416;-940;-304;-335;3107;464;2518;419;-46;62;4230;334;64;-293;542;628
83780;-3761;434;1982;-1007;360;-184;-3238;218;-499;-1287;-382;-427;3081;577;2494;341;-50;32;3999;337;-16;-369;611;810
83792;-3936;406;1793;-890;196;-337;-3213;467;-1013;-1464;-441;-413;3046;661;2475;258;-46;-21;3771;397;140;-447;345;1021
83804;-4047;480;1760;-575;16;-461;-3132;359;-1579;-1588;-534;-575;3039;718;2565;180;-59;-14;4073;111;-173;-318;427;1035
83816;-4147;481;1853;-446;-218;-524;-3385;374;-1725;-1610;-304;-616;3011;750;2526;126;-111;29;3498;55;181;-340;835;927
83828;-4207;370;1690;-396;-406;-502;-3570;390;-1711;-1413;-330;-765;2978;807;2508;52;-104;60;3986;407;885;-264;1642;878
83840;-4252;141;1679;-441;-404;-383;-3697;435;-1560;-1431;-66;-869;3075;826;2547;-45;-147;93;4002;512;443;-40;776;1109
83852;-4194;186;1808;-582;-144;-183;-3695;450;-1064;-1691;235;-884;3168;818;2472;-204;-177;118;3927;597;402;-34;1100;1244
83864;-4122;259;1979;-781;-114;-88;-3983;500;-515;-1858;405;-880;3290;871;2448;-356;-181;137;3872;705;458;-15;871;1241
83876;-4025;228;2105;-854;6;-36;-4206;675;-18;-1872;467;-678;3418;910;2453;-515;-157;153;3922;853;526;-68;363;1185
83888;-3983;182;2325;-590;142;35;-4433;591;438;-1699;535;-372;3477;908;2452;-651;-150;185;4221;1189;426;-263;258;1114
83900;-3983;395;2431;-232;261;35;-4541;617;769;-1148;385;-195;3496;933;2444;-789;-167;215;4496;1363;423;-447;168;987
83912;-3780;547;2360;92;489;29;-4676;666;844;-420;139;-167;3475;917;2318;-889;-202;247;4774;1466;394;-547;284;885
83924;-3680;580;2300;270;844;-13;-4618;819;872;236;-240;-223;3542;1009;2249;-1005;-235;256;4710;1486;333;-655;339;795
83936;-3763;365;2231;268;1232;-59;-4657;732;1037;517;-601;-249;3589;1080;2205;-1139;-241;241;4621;1101;487;-705;200;631
83948;-3826;73;2303;322;1645;-116;-4896;672;1578;621;-1261;-331;3536;1027;2149;-1270;-229;182;4187;802;592;-683;196;489
83960;-3871;29;2739;368;2165;-184;-5031;556;1949;693;-1813;-308;3411;1046;2188;-1407;-234;130;3695;482;473;-641;204;537
83972;-3893;90;2542;602;2622;-239;-5235;377;2428;1095;-2298;-357;3173;1069;2112;-1519;-278;76;3391;450;589;-536;158;559
83984;-3928;-120;2415;1044;3175;-298;-5253;374;3179;1420;-2955;-560;2886;1160;2053;-1664;-349;4;3131;640;607;-494;-425;591
83996;-3900;-179;2709;1524;3815;-275;-5264;221;4303;1431;-3770;-878;2922;1237;2182;-1921;-272;-114;3318;959;1214;-538;-548;633
84008;-4435;-796;3297;1948;4499;-332;-5532;271;6062;1336;-5178;-1259;4570;-452;2525;-2590;22;-378;6576;-2154;3889;-93;-1275;-306
84048;-15475;-509;8961;2159;3872;-234;-11236;-3317;4109;-734;-5948;-2400;4185;-1116;2965;-2354;678;-128;8739;-3280;3340;529;-501;-1567
84060;-11924;-1916;7561;-1043;1361;325;-11664;-2303;-870;3111;-6204;-1686;3973;-1079;2973;-1927;989;489;9135;-2369;2035;286;2465;-2558
84072;-7747;200;2506;349;4291;1016;-11326;-1455;-3014;5088;-6063;-557;2818;-1010;2514;-1779;357;887;7603;-1231;413;-543;4082;-2806
84084;-7618;2562;-568;-615;5731;778;-9600;-154;-3329;5262;-6435;535;2424;-1110;2400;-1805;52;960;2176;599;528;-507;4340;-1173
84096;-9006;1774;-169;-2390;5458;571;-9769;321;-3132;4043;-4397;672;3196;-1354;2344;-1826;-162;1061;-850;1867;-2297;336;-1335;989
84108;-7778;335;-1387;-2453;4827;148;-8553;8;-2416;2451;-7022;494;3927;-1608;2343;-1780;-80;1087;-111;2735;350;101;-140;2214
84120;-8209;2103;-2738;1635;4050;771;-7683;1192;-2059;37;-6079;68;4429;-1761;2649;-1558;177;999;411;2312;820;-772;-313;2307
84132;-7521;3276;225;471;2611;854;-8181;313;-1903;-1934;-6535;283;4797;-1710;2826;-1294;475;874;2430;240;2526;-1117;-917;2022
84144;-6898;2291;431;-521;1586;537;-8068;52;-1804;-1541;-6568;223;4770;-1615;2712;-1039;869;769;6272;-2126;2688;-418;-2221;1090
84156;-5673;1448;-595;-491;1453;592;-8463;911;-1307;-1099;-6436;751;4222;-1465;2538;-899;933;642;8499;-1252;2045;-251;-1362;-116
84168;-4862;1953;-1365;-617;1486;707;-7700;681;-966;-1533;-5921;621;3600;-1361;2308;-791;835;429;9057;-1812;-1593;-192;-23;1255
84180;-4622;1975;-779;-1308;1166;741;-7362;270;-1297;-1230;-6449;484;3507;-1259;2209;-798;662;180;5141;-289;-427;-1836;496;1221
84192;-4590;1378;-376;-2095;717;429;-6831;-1070;-1672;-1100;-6616;559;3434;-1350;2155;-813;356;20;3830;-596;-146;-1774;-769;1453
84204;-4401;1428;-490;-2328;-28;101;-4074;-632;-247;-121;-7493;923;3345;-1412;2082;-841;131;-28;3539;-17;687;-993;-522;906
84216;-2137;1593;-1721;-2602;-623;-27;-2524;-506;-292;-250;-6778;1125;3298;-1373;2016;-937;109;-31;3256;-325;1152;-619;-786;587
84228;-1799;534;-662;-1871;-822;127;-1801;-291;-385;-308;-5710;1179;3321;-1324;1942;-1065;187;-35;3453;-278;437;-576;-1085;625
84240;-1255;764;-579;-1650;-1115;52;-3361;-306;-691;-620;-6452;1031;3321;-1283;1971;-1219;322;-61;3220;-364;796;-591;-1283;800
84252;-1181;419;-669;-1883;-1321;91;-3636;-121;-1488;-887;-6342;855;3162;-1259;1957;-1336;448;-115;3509;-639;903;-814;-1630;777
84264;-659;494;-841;-1789;-1499;93;-2940;511;-1766;-925;-6886;532;3066;-1203;1925;-1416;534;-185;3978;-1082;388;-831;-1622;600
84276;197;110;-926;-1860;-1423;19;-1610;870;-1416;-1238;-6352;334;3008;-1168;2170;-1402;444;-225;4828;-824;146;-693;-1503;249
84288;1088;91;-899;-1751;-1466;-6;68;181;-1743;-1407;-5630;234;2982;-1215;2267;-1331;337;-247;4803;-515;-124;-621;-1129;213
84300;1460;-46;-946;-1850;-1686;-274;260;1053;-1881;-1217;-5135;195;2549;-1251;2247;-1295;132;-327;4937;-221;191;-493;-549;171
84312;2732;-111;-1083;-1815;-1711;-374;751;1153;-1546;-875;-4313;234;3088;-1459;2391;-1115;398;-393;4664;-308;501;-501;-130;408
84324;3004;-116;-918;-1729;-1504;-457;1525;-674;-1867;-1087;-3504;397;3169;-1601;2461;-883;367;-426;4249;-498;525;-459;208;352
84336;3291;-323;-884;-1567;-1173;-651;2066;-291;-2089;-1026;-2982;470;3235;-1619;2535;-671;463;-431;3887;-499;407;-448;79;279
84348;3812;-644;-694;-1155;-667;-594;2704;-593;-2136;-704;-1889;507;2802;-1111;2740;19;-50;-243;4476;-578;-1;-288;1064;-667
84424;3154;60;-804;849;1643;-73;1617;-733;-2052;835;4003;26;2766;-1181;2577;25;-201;-198;4444;-734;29;-258;1355;-622
84436;2719;166;-915;1099;1793;-6;897;-584;-2122;834;4674;-41;2686;-1325;2490;81;-286;-135;4131;-737;179;-99;1547;-535
84448;2436;318;-833;1455;1857;44;198;-429;-2183;761;5375;-69;2664;-1383;2449;170;-364;-54;4052;-755;259;146;1652;-565
84460;1882;347;-591;1788;1829;107;-436;-441;-2225;678;5985;-82;2737;-1479;2356;276;-422;38;3768;-653;432;286;1710;-648
84472;1369;583;-543;2114;1732;220;-885;-223;-2383;641;6672;29;2896;-1516;2334;401;-503;131;3702;-600;525;294;1696;-714
84484;1193;569;-741;2223;1446;236;-1427;27;-2436;574;7261;195;3110;-1544;2358;570;-527;192;3657;-515;561;187;1588;-720
84496;537;769;-804;2227;1074;147;-1967;-149;-2752;383;7809;233;3262;-1563;2286;753;-470;243;3855;-363;735;272;1392;-745
84508;-302;660;-689;2252;494;79;-2467;-124;-3047;355;8157;113;3388;-1545;2275;925;-462;276;4347;-831;464;421;1147;-794
84520;-1051;833;-540;2020;-328;-93;-3565;186;-3646;130;8578;40;3490;-1606;2245;1082;-444;285;4462;-950;457;558;894;-687
84532;-1700;1117;-520;1486;-1060;-481;-4780;-92;-3871;-363;8685;-161;3569;-1697;2291;1235;-421;324;4541;-965;545;615;794;-467
84544;-2681;1377;-436;573;-2169;-853;-6808;708;-4258;-1208;8980;-32;3552;-1689;2241;1353;-430;363;4701;-737;308;663;559;-318
84556;-3998;1067;-415;-289;-3118;-1223;-7445;1237;-7128;-1162;9192;382;3498;-1694;2274;1437;-379;376;4398;-708;327;557;562;-108
84568;-5148;665;-384;-450;-3935;-1528;-10073;1094;-5937;-2112;9313;522;3459;-1647;2283;1444;-407;382;4016;-811;347;489;517;117
84580;-6424;965;-218;-297;-4885;-1470;-10419;718;-5896;-3336;9651;280;3438;-1700;2228;1420;-387;369;3480;-778;232;553;260;206
84592;-8574;427;-358;-46;-5987;-1490;-10314;-722;-6110;-4321;9692;-17;3156;-1699;2217;1426;-388;354;3534;-624;286;683;-256;-21
84604;-10835;404;-442;764;-7023;-1388;-10068;-2483;-5238;-4472;9476;-451;2783;-1727;2146;1415;-453;372;3468;-481;434;699;-547;-89
84616;-12388;1284;-3925;2675;-6841;-605;-12608;-3987;-1217;-4078;9675;-733;2654;-1576;2134;1444;-641;399;3927;-678;1057;633;-984;-146
84628;-20585;14629;-2274;-3260;-9500;1333;-16078;-4952;4407;-4977;7059;-1309;2923;-1321;2491;1625;-395;447;4055;-838;2030;515;-686;-99
84640;-16662;-11973;11293;-7635;-11268;-2267;-15211;3043;2418;-897;7104;925;4071;-1128;2609;1900;-140;547;4164;-312;3641;306;-649;233
84652;-11018;-4997;17275;2305;-8590;-908;-13817;3902;-4642;817;7360;2772;4935;-896;2450;2036;126;524;4893;1484;4733;-241;-937;807
84664;-9608;1148;4687;-315;-6674;-1306;-17204;-5436;7164;-931;1732;2831;5545;-469;2495;2013;513;307;7112;3627;3927;-777;-535;1418
84676;-12432;-11069;-55;-3877;-6012;-365;-10714;-7322;18347;6073;3863;658;4303;39;2045;1862;156;10;9136;2735;3801;-1145;1521;2135
84688;-5057;-7753;1446;4457;-4587;901;-2457;-7046;12530;6568;7318;63;2492;477;1644;1705;-159;-402;7753;2459;2540;-1173;3076;2795
84700;3920;8;2696;5512;-3805;1396;-2344;-8251;8495;1004;6748;14;2626;824;1637;1648;-671;-560;3799;459;2138;-1656;1861;2968
84712;1716;3936;6492;3051;-3108;1181;-297;-62;3704;-4027;-1169;-2314;3543;1073;1684;1693;-886;-455;299;-1001;-665;-2209;2344;2433
84724;-2889;4945;7349;498;-1600;1722;-2552;-924;-1606;2570;-526;2454;3111;317;2170;-789;-37;-377;2855;2094;557;-956;-2062;-1511
84860;-4209;-90;1809;726;-196;-37;-2807;439;-1470;2765;-269;2366;3059;142;2089;-588;94;-278;3569;1364;86;-906;-2912;-1471
84872;-4097;-95;1747;1168;-46;68;-2981;-87;-1464;3282;25;2398;2892;-5;2050;-380;147;-153;4559;702;52;-1254;-1818;-1318
84884;-4059;-51;1911;1771;-87;112;-3421;-237;-834;2446;325;1857;2957;-172;2080;-127;322;-21;4942;54;102;-1196;898;-1240
84896;-3941;195;2035;1910;19;248;-3163;146;-1605;2041;13;1596;2962;-62;2206;74;570;73;4487;-382;626;-1165;301;-910
84908;-3800;263;2060;1851;47;280;-2493;333;-952;1991;222;1636;2819;123;2355;233;529;119;3715;-536;784;-726;471;-522
84920;-3783;424;2126;1720;238;249;-3023;1163;-796;1997;508;1562;2841;198;2494;360;488;123;3367;-732;102;-31;952;-714
84932;-3632;392;2301;1436;300;241;-2684;1045;-478;1359;630;1131;2817;248;2553;447;439;74;2643;-174;-61;-220;957;-872
84944;-3670;375;2313;1092;238;170;-2835;741;-251;494;461;715;2771;156;2697;556;375;51;2632;331;-313;-438;158;-518
84956;-3548;415;2354;732;194;29;-3026;343;-230;91;306;322;2845;171;2699;602;294;64;3517;498;150;-456;-568;-269
84968;-3606;355;2290;149;89;-91;-3256;168;-69;-110;-11;53;2907;175;2689;557;218;87;4004;470;472;-329;-256;90
84980;-3616;44;2141;-353;60;-123;-3057;-30;-369;-581;2;-157;2925;303;2580;471;150;120;4288;427;401;-410;235;587
84992;-3804;-60;1966;-590;52;-163;-3215;-340;-557;-1029;-7;-389;2920;502;2540;411;104;73;4278;259;101;-546;769;967
85004;-3896;-55;1888;-577;-17;-206;-3198;-166;-846;-1274;-119;-525;2847;684;2556;298;29;-25;4045;175;-74;-586;942;1134
85016;-3948;435;2048;-641;-157;-276;-2997;148;-1329;-1653;-72;-666;2900;769;2562;160;-59;-108;3879;31;-21;-451;898;1199
85028;-4146;553;2089;-670;-379;-361;-2968;503;-1569;-1867;212;-677;2982;917;2559;11;-113;-159;4147;-444;189;-194;972;969
85040;-4207;286;1981;-456;-277;-348;-3103;661;-1808;-1794;591;-701;3007;977;2500;-105;-156;-132;3890;-249;446;-150;1134;834
85052;-4231;290;2143;-267;-394;-333;-3578;711;-1314;-1534;1084;-557;3069;839;2499;-210;-184;-68;4127;171;1251;46;1592;918
85064;-4212;268;2459;-203;-478;-234;-4061;588;-712;-1242;1118;-474;3187;908;2415;-314;-225;-13;4046;378;232;262;-268;1146
85076;-4021;284;2509;-349;-563;-95;-4508;849;-360;-1314;1274;-397;3469;896;2495;-439;-196;46;4168;650;547;196;850;1378
85088;-3941;290;2659;-516;-343;-19;-5065;897;237;-1219;837;-190;3411;853;2483;-602;-206;145;4214;892;520;160;923;1441
85100;-3792;327;2838;-549;-35;55;-5013;984;509;-1061;495;-201;3497;858;2448;-732;-128;247;4215;1186;493;49;835;1395
85112;-3800;196;2947;-590;146;97;-4970;943;742;-966;317;-171;3522;840;2479;-853;-71;350;4170;1480;389;-149;672;1286
85124;-3887;330;2963;-595;303;103;-4764;725;904;-863;187;-265;3598;874;2453;-949;-62;400;4259;1563;419;-327;500;1103
85136;-3799;482;2795;-539;520;134;-4731;582;953;-371;-20;-328;3587;965;2399;-1020;-53;394;4280;1493;464;-438;141;868
85148;-3667;438;2556;-374;966;126;-4770;776;973;91;-368;-358;3488;965;2336;-1089;-144;375;4335;1108;443;-430;-181;657
85160;-3609;234;2442;-224;1539;58;-4643;935;1351;197;-827;-332;3465;925;2322;-1138;-152;395;4272;618;376;-300;-409;464
85172;-3488;46;2636;-33;2261;-58;-4863;1085;1951;366;-1435;-413;3336;953;2296;-1174;-153;416;4003;195;322;-123;-437;383
85184;-3542;-309;3328;261;2889;-166;-5306;902;2485;578;-2076;-564;3203;970;2235;-1289;-199;418;3713;-173;300;146;-492;409
85196;-3647;-46;2937;534;3511;-224;-5599;636;3112;908;-2774;-807;2991;1035;2265;-1390;-243;378;3556;296;417;296;-348;470
85208;-3894;-228;2877;1157;4376;-350;-5689;763;4250;1134;-3833;-1262;3163;1102;2202;-1525;-30;304;3801;535;1461;303;-584;531
85220;-4115;-361;3610;1620;5268;-466;-5945;1134;6209;1003;-5367;-1656;4121;1094;2606;-1772;321;215;4089;876;2884;289;-566;500
85232;-5119;-614;4453;1861;6341;-659;-6534;2004;8796;974;-7346;-1867;5341;729;2763;-2085;912;126;4696;485;4674;498;-934;438
85244;-8488;-1182;6216;1847;7259;-1090;-8718;2035;13588;-153;-7595;-1655;4913;-385;2138;-2120;250;163;6406;-1768;4920;1144;-1201;-438
85256;-13084;-1951;7680;1758;5876;-1173;-8175;2655;-904;980;-2765;-950;3612;-1275;2358;-1811;558;465;8404;-3608;3652;1810;-213;-1581
85268;-14463;919;9192;822;3410;-734;-9974;-1310;-546;-408;-6015;-2050;2966;-1405;2614;-1336;778;1064;8884;-3686;2400;2385;2064;-2851
85280;-8449;404;4815;-1075;3410;-92;-9887;-1348;-4848;2194;-4766;-980;3519;-1203;2531;-1205;322;1534;5441;-1397;623;1402;4204;-2779
85292;-6349;2168;140;-956;5010;173;-11875;-2027;-4432;3077;-6036;-192;3624;-1308;2493;-1139;135;1560;1764;533;-462;604;3074;-1525
85304;-8016;2789;-1030;-2335;5852;-72;-10420;-1171;-4074;3940;-7193;495;3379;-1645;2521;-915;47;1637;-252;1975;905;881;1278;465
85316;-8201;551;-2133;-2858;5767;-76;-8523;78;-3090;2431;-7404;705;3202;-1669;2302;-649;70;1764;-408;2279;-1908;1497;-464;1935
85328;-7746;2995;-3390;319;4626;302;-5963;1723;-1201;-1137;-6538;301;3826;-1398;2572;-516;148;1732;1425;2507;-715;611;-1697;2244
85340;-8065;3094;-1011;-232;3812;568;-5758;1199;-1024;-3798;-6128;-303;4041;-1216;2662;-490;291;1522;3616;2365;1220;-365;-1295;2026
85352;-6829;2236;857;-728;2847;626;-7261;-653;-670;-4204;-6330;-154;4201;-1182;2749;-570;441;1265;7255;60;2547;-473;-2417;1385
85364;-6286;1356;-610;-1359;2962;569;-7154;-264;-777;-2823;-5356;80;4023;-1230;2756;-703;643;966;10368;-1897;2298;323;-1037;660
85376;-5064;1145;-1828;-1344;3195;736;-6717;-1800;-805;-1346;-4762;620;3688;-1300;2702;-791;796;630;7217;-1484;1618;-45;1565;865
85388;-4957;1763;-1561;-2164;2941;885;-6868;-1156;-975;-509;-4167;1020;3499;-1422;2539;-733;738;406;4015;-832;-416;10;1170;1804
85400;-4510;1316;-865;-3212;2507;917;-7220;115;-2066;151;-4499;1139;3509;-1511;2377;-674;477;282;3917;-3181;-439;-608;-125;1210
85412;-3532;723;-796;-3484;2221;1106;-5338;487;-2300;-587;-6203;1207;3431;-1418;2304;-707;250;192;2747;-899;-336;-255;-348;344
85424;-2902;780;-1021;-3772;2065;556;-3960;491;-1729;-1521;-5863;1296;3406;-1344;2238;-764;160;148;3529;-345;1453;151;-1233;385
85436;-1692;311;-968;-3928;1285;257;-1577;-994;-828;-1779;-5541;1249;3614;-1318;2162;-895;253;120;4193;640;1820;58;-1246;735
85448;-396;-499;9;-3257;711;359;-1260;-1623;-662;-942;-5024;1246;3570;-1348;2099;-1047;289;64;5145;543;1050;-45;-971;1013
85460;-171;212;-675;-3117;494;436;-2081;-1127;-1415;-492;-4750;1033;3418;-1429;2132;-1097;393;13;4672;218;664;-225;-15;957
85472;446;-68;-645;-2966;193;508;-1926;-1135;-2011;-336;-4452;859;2991;-1457;2119;-1112;359;-18;3743;-223;642;-339;24;875
85484;1017;-806;-506;-2548;14;524;-931;-478;-1811;-795;-4605;611;3174;-1537;2162;-1089;505;-33;3384;-638;610;-374;-427;720
85496;1757;-932;-321;-1998;-103;408;-28;-594;-1553;-900;-4213;292;3023;-1518;2274;-1014;422;-46;3415;-713;717;-266;-1089;369
85508;2203;-839;-345;-1709;-244;345;473;-454;-1846;-862;-3162;97;2993;-1531;2333;-915;354;-54;4082;-401;625;-248;-1231;52
85520;2604;-758;-389;-1435;-212;213;668;-564;-1850;-700;-2355;123;2932;-1507;2358;-764;262;-36;4686;-312;474;-208;-1122;-175
85532;2986;-785;-340;-1331;-27;120;990;-9;-2140;-456;-1977;164;2869;-1493;2416;-582;210;41;4663;-361;490;-168;-285;-98
85544;3239;-732;-356;-1343;102;-43;1432;-302;-2241;-396;-1458;312;2880;-1418;2475;-413;246;154;4544;-444;400;-203;143;20
85556;3460;-845;-292;-1112;305;-166;1777;-387;-2103;-206;-862;443;2869;-1370;2550;-297;253;223;4035;-538;502;-229;460;-89
85568;3475;-784;-188;-831;472;-288;2015;-716;-1949;-24;-122;549;2894;-1426;2514;-200;162;290;3479;-560;462;-270;1041;-228
85580;3469;-652;-115;-513;665;-376;1931;-775;-1918;183;687;622;2972;-1406;2547;-150;104;367;3888;-403;440;-358;614;-586
85592;3341;-383;-33;-153;828;-389;1851;-794;-1963;361;1596;649;2999;-1338;2534;-77;183;418;4205;-263;154;-302;472;-817
85604;3254;-149;75;104;975;-340;1540;-756;-2025;532;2265;612;2889;-1314;2624;-77;213;400;4507;-1;-128;-292;722;-803
85616;3046;-23;206;350;941;-299;1180;-690;-2082;631;3093;467;2869;-1453;2687;-75;183;359;4477;213;-44;-365;1079;-768
85628;2812;-103;353;733;860;-243;758;-593;-2127;691;3662;345;2882;-1527;2594;-37;81;355;4477;215;159;-449;1399;-761
85640;2606;-4;325;1292;763;-249;258;-602;-2107;585;4316;256;2830;-1534;2464;62;-44;382;4295;32;412;-584;1739;-734
85652;2223;84;425;1765;533;-219;-181;-563;-2110;492;4831;148;2731;-1479;2438;173;-130;382;4025;-211;584;-642;1674;-735
85664;1706;286;169;2184;280;-207;-617;-720;-2221;529;5416;111;2643;-1510;2400;300;-239;392;3858;-482;716;-609;1506;-686
85676;1220;512;-70;2492;-172;-251;-1278;-639;-2317;618;5907;38;2706;-1520;2286;447;-239;405;3882;-793;902;-479;1314;-628
85688;184;859;-213;2661;-747;-210;-1760;-308;-2595;635;6207;-167;2835;-1608;2300;562;-172;399;4066;-1095;1447;-172;1377;-585
85700;-445;948;-226;2293;-1453;-256;-2481;-177;-2747;342;6438;-356;2760;-1660;2319;681;-189;396;3725;-1061;629;-310;1382;-517
85712;-1127;933;-131;1905;-2035;-322;-3330;237;-2939;-140;6659;-635;2784;-1695;2347;757;-268;426;3698;-1100;759;-90;1284;-524
85724;-2074;1416;-88;1153;-2835;-483;-4497;657;-3229;-922;6468;-753;2931;-1662;2317;790;-332;427;3831;-1041;903;132;989;-631
85736;-3103;1291;11;-213;-3703;-769;-10436;256;3439;-1070;3217;-450;3069;-1686;2367;776;-382;387;3624;-949;873;143;863;-569
85748;-4114;1421;188;-1532;-4376;-1339;-7560;1325;-4704;-2663;7582;82;3107;-1703;2399;708;-427;354;3551;-905;882;104;780;-369
85760;-5199;1034;262;-2397;-5355;-1468;-7970;1305;-4445;-3415;7884;497;2966;-1774;2302;703;-488;314;3747;-558;703;156;302;-358
85772;-6366;1311;242;-2863;-6325;-1661;-8139;444;-4761;-4466;8491;484;2812;-1813;2257;721;-581;242;3767;-403;794;289;35;-284
85784;-7429;855;666;-3193;-7416;-1919;-7468;-758;-5323;-4023;8461;538;2743;-1794;2348;771;-627;190;3645;-447;792;402;63;-93
85796;-8364;123;1276;-2950;-8501;-2332;-7508;-1309;-6114;-3012;9054;442;2792;-1821;2549;852;-634;164;3469;-467;742;424;-90;78
85808;-10318;-668;1255;-1734;-9031;-2575;-7886;-1174;-6784;-1953;9498;64;2646;-2013;2682;1001;-684;116;3375;-658;941;320;-563;206
85820;-15280;23873;-8051;5650;-8859;342;-12973;-4483;2918;-3312;7091;-676;3005;-2075;2954;1347;-492;148;3749;-904;1526;188;-884;193
85832;-25181;-9666;790;-5835;-8139;-3099;-18812;1602;7091;-4197;4915;348;4049;-2011;3246;1766;-361;282;4403;-770;3030;21;-644;158
85844;-10295;-17338;24117;-234;-7279;-1991;-17802;2863;1841;-3986;5645;2365;6623;-1600;3825;2066;973;309;4904;279;4850;-127;-1323;494
85856;-11538;-347;6768;2167;-4806;-995;-18520;-7582;5493;-1661;3978;3529;7994;-1339;3968;2015;1427;86;7296;4121;3930;-601;-2587;1140
85868;-9791;-7572;1087;-4318;-3842;936;-15197;-7818;11295;3959;-5478;53;4252;-379;2502;1933;72;-380;11660;4223;2609;-1092;-2184;1961
85880;-1524;-7702;-1524;2543;-1816;1699;243;-6179;14100;7527;-1697;-1808;1263;33;2303;1769;-484;-625;10891;2473;2160;-1626;2848;2681
85892;1775;2435;3436;1885;-1196;1734;1724;-5246;10573;4723;7961;81;1693;230;1931;1760;-1416;-524;5020;243;718;-2170;546;2974
85904;1126;3723;6697;205;-1736;1000;941;-3515;1020;-1140;1199;-947;2481;905;1985;1594;-1181;-472;1819;-1167;300;-2440;2441;3051
85916;-3099;4113;3421;955;-1035;1278;-358;5114;-3011;-8309;-20;-2816;2771;1320;1883;1092;-832;-720;-43;-3826;-1602;-83;3715;2545
85928;-5223;1959;2146;-238;-587;536;-8188;7095;216;984;651;114;2990;1185;2131;590;-398;-1034;-2229;-3203;-896;-150;3073;-569
85940;-5404;-444;3107;-204;-640;329;-4863;7317;-797;6968;1519;2732;3496;755;2308;85;-388;-1252;-3499;-1159;-736;411;1668;-2913
85952;-4506;-177;1547;795;254;154;-5939;5303;-3258;2205;1240;713;4253;327;2513;-233;-176;-1216;-1679;-516;946;643;-537;-4383
85964;-4896;1007;1679;349;-715;-114;-3599;2930;-3444;-2631;1004;-568;4620;258;2438;-420;6;-965;2026;-1465;2722;356;-3829;-4377
85976;-4057;996;2289;-11;-1288;-311;-2701;1541;-1252;-2299;1247;-617;3985;437;2154;-522;171;-801;7470;915;648;1070;-7130;-3159
85988;-3609;195;2803;-266;-1321;-434;-4595;-353;1822;-1941;1500;-412;3360;231;2300;-500;420;-535;15667;4640;3737;-365;-6252;-2411
86000;-3461;-268;3165;-181;-680;-343;-6049;-1444;2354;-1995;1612;6;3550;237;2480;-422;676;-187;12407;4823;-1231;407;1819;-284
86012;-3386;-318;3476;-282;-176;-121;-5641;-3151;2295;-351;551;653;3873;183;2611;-191;600;45;5129;1691;724;17;3978;42
86024;-3956;-389;2872;-433;125;-20;-5421;-2325;633;542;643;1601;4287;288;2711;-49;115;127;2712;1215;1290;-785;2780;283
86036;-4373;-337;2305;-61;360;-82;-5511;-767;-480;1112;267;2220;4448;310;2548;127;-158;110;2341;-35;973;-1058;1697;160
86048;-4458;-172;2276;497;426;-235;-4712;590;-1370;429;-490;2083;4223;288;2423;317;-482;107;1961;-133;1294;-866;-1026;-107
86060;-4140;122;2463;1122;455;-394;-3600;951;-1040;1020;-846;2156;4031;266;2233;501;-706;146;3709;-2011;973;-913;-1749;-688
86072;-4236;397;2480;1478;483;-537;-3000;309;-695;2316;-768;2058;4033;231;2132;610;-284;191;3693;-1207;506;-614;-1430;-1642
86084;-3917;247;2425;1926;425;-606;-2829;-290;-626;3250;-556;1729;3757;371;2098;613;-180;191;3849;-631;445;-498;-539;-1688
86096;-3740;367;2431;2028;411;-446;-2996;212;-998;3302;-361;1612;3450;355;2165;480;-168;98;4048;188;327;-154;-1022;-1471
86108;-3710;554;2252;1520;425;-232;-3092;702;-1380;2227;-426;1434;3166;304;2230;311;-95;-63;4066;841;644;-43;-683;-1072
86120;-3649;377;1959;714;470;-119;-3136;852;-1281;1072;-641;973;2863;264;2329;127;-141;-174;4256;1151;652;-158;-516;-654
86132;-3901;189;1858;66;544;-25;-3124;541;-1037;128;-413;499;2607;199;2341;-47;-327;-229;4594;1061;400;-479;-117;-293
86144;-3772;-20;1898;-355;526;51;-3058;26;-1039;-245;-434;88;2616;80;2221;-162;-408;-227;4330;707;31;-693;452;153
86156;-3659;-54;1941;-580;410;121;-2587;-231;-1191;-325;-222;-194;2758;63;2153;-245;-321;-174;3672;290;286;-813;1081;570
86168;-3685;113;1740;-649;269;108;-2593;-37;-1504;-841;-117;-389;2803;176;2221;-290;-254;-145;3280;-132;315;-746;1190;840
86180;-3793;342;1735;-744;137;79;-2606;80;-1726;-1335;-45;-504;2940;311;2298;-341;-248;-117;3346;-498;471;-512;1086;820
86192;-3960;483;2077;-909;18;50;-2646;167;-1766;-1672;125;-610;3140;392;2286;-446;-227;-120;3419;-593;733;-160;949;637
86204;-4096;438;2162;-1056;-128;17;-2926;413;-1656;-1735;300;-690;3390;355;2147;-542;-168;-132;3897;-357;925;197;674;586
86216;-4220;198;2104;-1075;-203;-34;-3510;573;-1277;-1686;370;-727;3556;294;2130;-583;-99;-130;4147;32;586;483;347;688
86228;-4344;9;2242;-883;-238;-93;-4018;520;-1002;-1581;485;-757;3665;379;2142;-616;-25;-79;4619;375;547;588;-31;673
86240;-4200;-22;2359;-554;-219;-79;-4364;281;-716;-1291;450;-799;3711;446;2262;-600;118;-33;4939;769;691;533;2;698
86252;-4022;68;2448;-295;-99;-50;-4416;336;-492;-1012;244;-817;3754;404;2415;-572;209;39;4969;1223;814;356;316;726
86264;-3970;143;2539;-236;69;-75;-4509;467;-20;-865;337;-698;3793;465;2312;-568;286;161;4842;1406;900;109;668;764
86276;-4021;153;2747;-232;217;-140;-4955;523;204;-611;-15;-433;4014;492;2130;-606;364;264;4467;1289;794;-103;942;698
86288;-4066;338;3035;-588;-126;-211;-4783;449;476;-279;-508;-300;3961;551;2257;-668;378;286;3937;935;617;-265;682;619
86300;-3803;324;2687;-718;-66;-281;-4700;386;459;-72;-637;-254;3788;569;2226;-729;329;270;3512;734;540;-399;396;481
86312;-3877;48;2514;-546;198;-328;-4500;-5;594;197;-669;-205;3531;629;2196;-792;236;285;3437;601;409;-483;-88;356
86324;-3944;-160;2522;-168;419;-334;-4739;-458;940;779;-847;-43;3240;702;2198;-819;235;308;3405;738;244;-658;-184;321
86336;-3773;-383;2475;306;695;-310;-5038;-550;1510;1482;-1365;43;2996;844;2127;-882;200;280;3464;830;297;-745;-442;355
86348;-3569;-370;2513;806;1319;-251;-5316;-461;2407;2127;-1976;23;2815;1011;2136;-1101;129;183;3336;967;389;-760;-694;419
86360;-3343;-593;2830;1281;2057;-139;-5765;-99;3819;2472;-2812;47;2662;1162;2197;-1416;63;-6;3253;1072;753;-634;-861;560
86372;-3119;-532;3015;1922;3133;-42;-6150;400;5971;2454;-4198;-66;2780;1313;2491;-1815;-46;-224;3529;1063;1989;-318;-1000;671
86384;-3720;-493;4407;2269;4241;-145;-7101;1598;9181;2266;-6295;-155;3897;1091;2451;-2318;265;-449;4128;1078;3507;-205;-966;719
86396;-4860;-836;5819;2317;5267;-215;-7781;2725;11584;2653;-7825;-14;5422;554;2378;-2730;688;-614;4907;49;4894;-382;-670;602
86408;-8096;-981;8222;2253;6186;-429;-8945;2490;11523;2043;-7518;259;4969;-775;1711;-2683;121;-678;7188;-3222;4825;-306;186;222
86420;-12489;-2483;9009;3008;7444;-105;-7480;-1286;4954;2296;-299;129;3578;-2179;1875;-2140;106;-354;8049;-4878;3468;502;276;-1393
86432;-12512;-245;5515;3037;6973;493;-10874;-2842;-3556;3437;-4714;-613;2929;-1953;2364;-1481;1157;453;7189;-4000;1750;973;1740;-3029
86444;-9163;1332;142;2027;7050;509;-11895;-3522;-3992;6058;-5826;-156;3563;-1498;2916;-1272;1291;1286;3902;-1633;642;484;3875;-3212
86456;-10482;2681;-1431;190;6412;714;-11745;-3274;-4412;5828;-6708;469;4058;-1551;2967;-1308;1147;1336;286;947;-318;379;2706;-1519
86468;-9481;826;-1711;155;5575;1193;-9595;-1760;-3003;5087;-6891;781;4212;-2052;3068;-1301;834;1246;108;1662;637;1164;-535;554
86480;-10471;4876;-253;-666;4394;1783;-9502;-1630;-3721;1629;-7857;1621;4120;-2249;3094;-996;777;1196;1665;2295;-801;1766;-2708;1523
86492;-7655;1070;540;-3483;3324;1874;-6730;147;-2407;-931;-7071;1427;3703;-1933;3201;-653;684;1090;4639;2510;1;572;-3700;1710
86504;-6709;-295;-888;-3127;3341;1867;-6786;504;-2228;-972;-7304;986;3642;-1572;2983;-404;460;1025;7678;1809;1275;-322;-2265;1670
86516;-5449;503;-1142;-1427;3390;2064;-7138;1166;-1852;-1484;-7365;860;3622;-1580;2803;-182;288;928;9256;38;1134;-778;-1103;1867
86528;-5062;1898;-750;-975;3019;2166;-5728;-296;-1288;-936;-5542;538;3571;-1532;2780;16;234;748;7928;-1463;1004;-634;-86;1871
86540;-3995;1234;-632;-927;2548;2082;-5508;-1439;-1244;351;-3837;447;3468;-1443;2667;112;292;530;4727;-1674;989;-437;-45;1522
86552;-3119;99;-840;-322;2278;2038;-5357;-1369;-2104;771;-3969;881;3340;-1395;2588;90;130;332;3573;-1464;-382;-110;-837;1351
86564;-2819;28;-730;168;2052;1756;-4806;5;-1785;406;-4225;1189;3111;-1306;2499;73;22;175;3672;-1424;-1411;-208;-675;565
86576;-2267;148;-600;150;2076;1529;-4099;676;-1478;-337;-4786;1055;2813;-1285;2312;21;-123;52;3302;-930;-852;-125;-618;12
86588;-1857;-117;-521;-281;1704;1351;-2339;108;-1551;-1073;-4738;1044;2647;-1345;2073;-38;-335;-20;4115;-336;329;-43;-1238;80
86600;-609;-95;-653;-1552;1625;589;-1350;-159;-1346;-1368;-5019;905;2550;-1324;1900;-94;-518;-95;5124;-107;1025;191;-691;222
86612;116;-138;-571;-1851;1275;452;-1050;464;-1971;-1710;-4812;822;2638;-1245;1797;-124;-493;-149;4846;-154;1077;268;603;464
86624;1071;-323;-660;-2843;768;273;-771;-90;-2427;-1974;-4600;744;2844;-1110;1588;-256;-349;-157;4574;-544;1333;374;1638;468
86636;1938;-600;-671;-3144;419;177;-104;-293;-2721;-1763;-4163;609;3049;-1025;1908;-387;-83;-155;3563;-1017;1458;561;1856;584
86648;3001;-724;-486;-2882;466;92;932;-172;-2744;-1664;-3656;248;3297;-1063;2120;-552;118;-148;2615;-1277;1237;648;1205;778
86660;3554;-584;-407;-2488;481;-70;1831;-62;-2603;-1543;-3052;-78;3515;-1218;2359;-682;282;-97;2804;-904;969;741;53;820
86672;3987;-671;-311;-1931;511;-152;2150;88;-2554;-1569;-1946;-430;3539;-1459;2378;-754;397;-64;3601;-244;572;881;-586;512
86684;4104;-850;-131;-1347;760;-295;2336;-389;-2439;-1221;-1091;-525;3398;-1579;2595;-728;474;-15;4795;454;200;805;-587;55
86696;4154;-917;1;-678;1034;-457;2204;-687;-2340;-748;-100;-306;3381;-1691;2690;-707;418;-4;5030;957;-16;389;-25;53
86708;3825;-693;352;-305;1184;-606;2016;-728;-2237;-352;570;82;3288;-1683;2601;-592;188;28;4508;730;140;-346;998;109
86720;3695;-438;96;-260;1269;-686;1964;-821;-2150;42;1136;348;3166;-1709;2503;-303;149;118;3499;427;136;-671;524;-161
86732;3448;135;-92;-81;1558;-738;1722;-845;-2096;303;1743;432;2926;-1656;2374;-39;24;193;3382;146;209;-816;87;-541
86744;3130;274;96;249;1564;-722;1393;-876;-2082;399;2526;333;2718;-1649;2526;196;-180;248;3812;-133;311;-852;-257;-684
86756;2798;253;124;920;1494;-645;820;-966;-2109;399;3241;116;2715;-1522;2556;377;-390;286;4253;-416;449;-842;-34;-828
86768;2440;133;317;1613;1222;-610;191;-896;-2155;363;3870;-140;2771;-1427;2491;510;-445;324;4209;-259;499;-841;341;-936
86780;2102;114;279;2312;893;-607;-308;-719;-2233;182;4338;-354;2897;-1567;2328;580;-508;301;4303;-231;672;-818;497;-963
86792;1703;275;161;2854;629;-633;-654;-712;-2337;34;4684;-495;2992;-1558;2270;681;-482;219;4446;-367;596;-798;640;-941
86804;1100;643;104;2885;137;-663;-1132;-503;-2504;-86;4976;-529;3127;-1443;2270;734;-438;141;4636;-540;603;-691;872;-861
86816;487;629;-95;2734;-473;-808;-1717;-643;-2460;-118;5129;-407;3170;-1287;2132;759;-388;74;4752;-656;694;-539;1171;-798
86828;-198;456;-280;2664;-1279;-880;-2049;-850;-2665;-47;5500;-392;3039;-1218;2110;761;-378;-16;4417;-927;908;-482;1421;-635
86840;-507;762;-257;2619;-1782;-903;-2777;-608;-3242;-211;5847;-676;3072;-1224;2250;749;-331;-109;4021;-1109;1003;-418;1437;-426
86852;-1324;1019;-285;1871;-2518;-1080;-4446;-494;-2796;-525;5510;-969;3319;-1372;2050;721;-323;-196;3888;-1106;864;-205;1131;-377
86864;-2109;1093;-303;905;-3457;-1280;-6286;-261;-2718;-1288;5020;-1055;3340;-1520;2004;649;-334;-226;3844;-1108;962;-73;779;-455
86876;-3140;1132;-405;189;-4253;-1432;-6599;-147;-4522;-1564;7414;-729;3365;-1552;2091;637;-326;-208;3580;-859;841;-45;407;-348
86888;-4158;1010;119;-383;-4986;-1438;-7608;-162;-5114;-2667;8010;-472;3417;-1595;2051;572;-325;-154;3462;-708;709;64;225;-269
86900;-5166;714;226;-901;-5762;-1396;-7410;-566;-4998;-3291;8551;-113;3344;-1624;2241;658;-317;-182;3291;-688;586;284;-50;-279
86912;-6398;497;-103;-751;-6478;-1409;-7223;-1530;-5205;-3568;9159;111;3260;-1545;2356;781;-279;-283;3402;-740;589;454;-289;-305
86924;-8344;320;-128;-392;-7274;-1474;-7022;-1953;-5935;-3776;9486;14;3094;-1441;2384;878;-371;-393;3625;-705;639;444;-761;-369
86936;-10836;706;-743;170;-7884;-1457;-9246;-2176;-4575;-3540;9516;-277;3082;-1454;2425;903;-561;-378;3924;-631;966;241;-1127;-446
86948;-17652;12271;-6220;1659;-8317;134;-14253;-4971;2763;-4023;6695;-1138;3373;-1536;2595;1119;-445;-177;4419;-475;1682;-70;-1281;-518
86960;-22178;-5408;3892;-4048;-9449;-1983;-17912;1019;5670;-2697;6868;71;4663;-1282;2972;1488;106;-25;4861;-47;3139;-344;-1343;-279
86972;-8676;-6108;15802;231;-7833;-930;-13404;3153;-4846;-1410;7178;2102;5701;-817;2861;1496;734;-128;6071;1505;4049;-609;-1233;251
86984;-8522;1980;12988;5528;-6412;-540;-13859;-2462;1776;-1434;4068;3446;5132;-540;2281;1439;96;-413;7899;3617;3788;-1289;-932;963
86996;-8679;-2974;670;-665;-5370;348;-9679;-6132;10488;1196;-2408;2650;4147;-272;2346;1432;205;-727;9616;3060;3601;-1681;612;1600
87008;-8007;-7397;-540;-1136;-3390;278;-7087;-4497;13957;5223;-2788;458;3164;385;2016;1422;-125;-885;8194;2036;2799;-1683;3325;2152
87020;-5762;-5025;2842;-1087;-2941;1459;-3929;-2536;10940;5613;-2212;-1274;2719;735;1811;1224;-676;-991;4180;333;1238;-1425;2651;2511
87032;-350;680;3270;467;-2152;1830;-2276;-5269;6364;5633;3442;61;3512;1290;1824;1061;-426;-1068;1208;-626;-74;-1771;1830;2315
87044;-1155;3891;4010;-134;-2322;1279;-1064;-2104;1273;-1585;1669;-685;4097;1803;1820;724;-131;-1156;-243;-1304;-1128;-1316;1782;1750
87056;-4001;2371;3835;-766;-2092;664;-2688;2146;-3035;-7152;-1027;-2353;4212;1590;1955;286;91;-1289;-736;-2368;-1013;-1086;1804;-531
87068;-5598;126;2454;1031;-1576;433;-7245;8188;-788;-543;1696;-526;4408;1197;2066;-105;359;-1371;-470;-2107;128;-486;888;-2532
87080;-4657;1095;2011;1675;-1192;209;-6009;10413;-1868;2625;2406;1392;4396;728;2201;-354;458;-1294;1435;-1419;609;164;-913;-3385
87092;-3053;2456;2238;512;-606;-298;-4070;6114;-1479;-127;1407;903;4172;584;2322;-496;552;-1050;4554;-570;1281;586;-2761;-3405
87104;-3492;2065;2505;-444;-863;-445;-2424;637;-914;-1443;1572;665;3742;707;2302;-632;616;-755;8592;1623;1813;822;-6054;-2988
87116;-3664;-270;2950;-117;-1106;-716;-4322;-1427;703;-344;1438;632;3659;732;2360;-706;738;-454;12712;4175;1417;-43;-4041;-1848
87128;-3913;-905;3206;707;-963;-606;-7739;-1721;2459;-73;544;1239;3791;589;2582;-770;767;-174;9859;3409;-623;-275;1252;-234
87140;-3610;-384;3379;612;-292;-322;-6059;-2287;2143;-448;617;2083;3843;564;2616;-765;571;-56;4954;2241;-372;-279;3967;-289
87152;-3680;-158;3080;-48;163;-46;-4987;-3082;2787;542;-444;1866;3939;472;2485;-720;268;9;2259;1844;1116;-870;3902;-821
87164;-3994;-225;2571;-426;461;23;-5863;-1004;531;988;-16;2711;3765;368;2357;-585;-11;81;1763;1143;1144;-1453;1625;-1223
87176;-4264;-12;2497;-411;617;90;-4679;302;-513;525;-382;2458;3719;360;2228;-345;-120;209;2487;637;868;-1028;-1201;-1488
87188;-4157;200;2537;-119;740;109;-3452;1031;-890;892;-763;2264;3737;380;2165;-137;83;303;3336;-203;1591;-1216;-2615;-1580
87200;-4057;258;2481;363;797;37;-3455;666;-733;1086;-894;2210;3667;380;2175;-10;196;375;4595;-766;590;-1203;-1450;-1509
87212;-4027;265;2413;773;816;1;-2905;668;-1332;1454;-1060;2006;3369;360;2294;31;182;405;4053;-1061;281;-1092;-1819;-1392
87224;-3876;93;2188;1063;797;-41;-2853;118;-1310;2122;-1130;1567;3159;452;2377;71;117;403;4250;-904;83;-573;-1494;-1084
87236;-3992;128;1908;976;592;-89;-2557;126;-1544;2062;-978;1285;2934;472;2421;97;98;381;4127;-342;29;-160;23;-1154
87248;-4096;36;1654;669;366;-105;-2481;-33;-1604;1590;-559;884;2755;419;2294;-15;26;280;3788;534;-217;-118;202;-887
87260;-3885;-106;1646;342;166;-92;-3342;-195;-1022;804;-357;544;2736;260;2315;-113;43;167;3841;1125;-156;-422;232;-514
87272;-3779;-138;1704;118;6;-60;-2894;-138;-1368;636;-363;278;2636;191;2395;-179;88;55;4101;949;67;-749;429;-40
87284;-3787;-37;1720;-136;-127;-61;-2720;-382;-1366;-126;-391;-1;2663;186;2391;-249;105;-27;3893;442;26;-803;976;408
87296;-3837;133;1801;-435;-286;-83;-2636;-364;-1491;-826;-188;-175;2688;228;2416;-276;66;-73;3572;188;321;-783;1077;724
87308;-3928;105;1785;-669;-482;-91;-2696;-323;-1568;-1212;42;-353;2684;310;2356;-294;-24;-97;3507;-137;310;-547;1092;1007
87320;-3937;70;1784;-679;-629;-114;-2778;-22;-1556;-1441;177;-519;2840;421;2307;-336;-54;-83;3588;-376;397;-247;1246;1032
87332;-4022;397;2180;-957;-755;-218;-2936;351;-1251;-1521;225;-652;3143;499;2267;-374;-10;-114;3609;-227;531;-25;1173;1033
87344;-4037;499;2288;-1036;-951;-223;-3391;798;-1038;-1606;469;-682;3301;516;2203;-436;-73;-104;3779;49;514;70;907;1109
87356;-3979;311;2398;-911;-843;-193;-3923;660;-513;-1584;462;-628;3387;481;2237;-440;-79;-51;3970;218;523;149;575;1172
87368;-3941;22;2537;-641;-655;-139;-4286;489;-187;-1435;483;-604;3486;538;2293;-423;78;-10;4142;523;534;150;377;1105
87380;-4065;-209;3101;-866;-707;-76;-4699;497;6;-1086;399;-575;3659;534;2367;-484;230;17;4306;813;485;121;201;993
87392;-3760;148;2758;-1125;-559;-5;-4920;734;356;-882;193;-533;3793;556;2395;-563;287;52;4434;1151;583;-37;258;956
87404;-3823;195;2804;-1149;-111;25;-4951;792;715;-998;-70;-619;3830;605;2433;-634;281;113;4530;1238;545;-172;362;859
87416;-3887;76;2844;-1029;255;33;-5139;704;942;-1051;-380;-542;3826;742;2440;-727;283;194;4507;1361;473;-254;304;741
87428;-3887;3;2848;-662;575;6;-5048;475;1090;-827;-651;-412;3715;821;2458;-820;331;238;4273;1244;437;-338;110;617
